{"cameraMode":{"drawMode":0,"name":"Shaded","section":"Shading Mode"},"sceneLighting":false,"audioPlay":false,"sceneViewState":{"m_AlwaysRefresh":false,"showFog":true,"showSkybox":false,"showFlares":true,"showImageEffects":true,"showParticleSystems":true,"showVisualEffectGraphs":true,"m_FxEnabled":true},"in2DMode":false,"pivot":{"x":-0.2141793966293335,"y":0.11474895477294922,"z":0.04352724552154541},"rotation":{"x":-0.1924877017736435,"y":0.48541563749313357,"z":-0.11049181967973709,"w":-0.8456434607505798},"size":0.8102363348007202,"orthographic":false}